"Transaction Date","Posted Date","Description","Debit","Credit"
"12/11/2015","12/11/2015","VZWRLSSAPOCC VISE 800-922-0204 NJ","67.62",""
"12/10/2015","12/11/2015","AMAZON MKTPLACE PMTS AMZNCOMBILL WA","16.56",""
"12/10/2015","12/11/2015","CARDEROCK CAFE AND SUBWY KENSINGTON MD","7.41",""
"12/9/2015","12/10/2015","CARDEROCK CAFE AND SUBWY KENSINGTON MD","5.68",""
"12/7/2015","12/9/2015","SHELL OIL 57543576003 GAITHERSBURG MD","25.51",""
"12/7/2015","12/8/2015","CARDEROCK CAFE AND SUBWY KENSINGTON MD","7.39",""
"12/7/2015","12/8/2015","NETFLIXCOM NETFLIXCOM CA","7.99",""
"12/5/2015","12/7/2015","MONTGOMERY VILLAGE VETERI MONTGOMERY VI MD","36.66",""
"12/5/2015","12/7/2015","THE HOME DEPOT 2560 GERMANTOWN MD","5.80",""
"12/5/2015","12/7/2015","GIANT 0196 GAITHERSBURG MD","77.15",""
"12/4/2015","12/7/2015","CARDEROCK CAFE AND SUBWY KENSINGTON MD","7.31",""
"12/3/2015","12/4/2015","HAIR CUTTERY 1268 GAITHERSBURG MD","23.00",""
"12/3/2015","12/4/2015","GIANT 0196 GAITHERSBURG MD","10.86",""
"12/3/2015","12/4/2015","CARDEROCK CAFE AND SUBWY KENSINGTON MD","5.93",""
"12/3/2015","12/4/2015","PAPA JOHN 01434COM 301-330-7272 MD","16.81",""
"12/1/2015","12/2/2015","AMAZON MKTPLACE PMTS AMZNCOMBILL WA","54.99",""
"12/1/2015","12/2/2015","CARDEROCK CAFE AND SUBWY KENSINGTON MD","7.41",""
"11/30/2015","12/1/2015","AMAZONCOM AMZNCOMBILL AMZNCOMBILL WA","82.67",""
"11/30/2015","12/1/2015","AMAZON MKTPLACE PMTS AMZNCOMBILL WA","14.99",""
"11/28/2015","11/30/2015","PAYPAL STEAM GAMES 425-952-2985 WA","19.08",""
"11/28/2015","11/30/2015","AMZWoot Inc amzncompmts WA","24.37",""
"11/27/2015","11/30/2015","GIANT 0196 GAITHERSBURG MD","35.48",""
"11/26/2015","11/27/2015","SHEETZ 00001842 HAGERSTOWN MD","22.68",""
"11/26/2015","11/27/2015","GIANT 0196 GAITHERSBURG MD","2.39",""
"11/25/2015","11/25/2015","PAYMENT RECEIVED","","821.97"
"11/24/2015","11/25/2015","CARDEROCK CAFE AND SUBWY KENSINGTON MD","5.51",""
"11/23/2015","11/24/2015","CARDEROCK CAFE AND SUBWY KENSINGTON MD","9.53",""
"11/23/2015","11/24/2015","VERIZONRECURRING PAY 800-VERIZON PA","59.68",""
"11/21/2015","11/23/2015","PIZZA BOLI GAITHERSBURG MD","9.53",""
"11/21/2015","11/23/2015","GIANT 0196 GAITHERSBURG MD","40.53",""
"11/20/2015","11/23/2015","CARDEROCK CAFE AND SUBWY KENSINGTON MD","10.33",""
"11/18/2015","11/19/2015","POPEYES 7327 GERMANTOWN MD","9.39",""
"11/18/2015","11/19/2015","BP9320599MONTGOMERY VIL GAITHERSBURG MD","29.16",""
"11/17/2015","11/18/2015","MCDONALD F21082 GAITHERSBURG MD","8.05",""
"11/17/2015","11/18/2015","CVSPHARMACY 01521 GAITHERSBURG MD","10.59",""
"11/17/2015","11/18/2015","CARDEROCK CAFE AND SUBWY KENSINGTON MD","5.34",""
"11/15/2015","11/16/2015","MCDONALD F21082 GAITHERSBURG MD","1.06",""
"11/15/2015","11/16/2015","PAPA JOHN 01434COM 301-330-7272 MD","16.81",""
"11/14/2015","11/16/2015","GIANT 0196 GAITHERSBURG MD","76.81",""
"11/13/2015","11/16/2015","CARDEROCK CAFE AND SUBWY KENSINGTON MD","8.83",""
